{
	"sources" : 
	[
		{
			"file" : "C:/Users/phhni/source/repos/SOP/out/build/x64-Release/_deps/glew-subbuild/CMakeFiles/glew-populate"
		},
		{
			"file" : "C:/Users/phhni/source/repos/SOP/out/build/x64-Release/_deps/glew-subbuild/CMakeFiles/glew-populate.rule"
		},
		{
			"file" : "C:/Users/phhni/source/repos/SOP/out/build/x64-Release/_deps/glew-subbuild/CMakeFiles/glew-populate-complete.rule"
		},
		{
			"file" : "C:/Users/phhni/source/repos/SOP/out/build/x64-Release/_deps/glew-subbuild/glew-populate-prefix/src/glew-populate-stamp/glew-populate-install.rule"
		},
		{
			"file" : "C:/Users/phhni/source/repos/SOP/out/build/x64-Release/_deps/glew-subbuild/glew-populate-prefix/src/glew-populate-stamp/glew-populate-mkdir.rule"
		},
		{
			"file" : "C:/Users/phhni/source/repos/SOP/out/build/x64-Release/_deps/glew-subbuild/glew-populate-prefix/src/glew-populate-stamp/glew-populate-download.rule"
		},
		{
			"file" : "C:/Users/phhni/source/repos/SOP/out/build/x64-Release/_deps/glew-subbuild/glew-populate-prefix/src/glew-populate-stamp/glew-populate-update.rule"
		},
		{
			"file" : "C:/Users/phhni/source/repos/SOP/out/build/x64-Release/_deps/glew-subbuild/glew-populate-prefix/src/glew-populate-stamp/glew-populate-patch.rule"
		},
		{
			"file" : "C:/Users/phhni/source/repos/SOP/out/build/x64-Release/_deps/glew-subbuild/glew-populate-prefix/src/glew-populate-stamp/glew-populate-configure.rule"
		},
		{
			"file" : "C:/Users/phhni/source/repos/SOP/out/build/x64-Release/_deps/glew-subbuild/glew-populate-prefix/src/glew-populate-stamp/glew-populate-build.rule"
		},
		{
			"file" : "C:/Users/phhni/source/repos/SOP/out/build/x64-Release/_deps/glew-subbuild/glew-populate-prefix/src/glew-populate-stamp/glew-populate-test.rule"
		}
	],
	"target" : 
	{
		"labels" : 
		[
			"glew-populate"
		],
		"name" : "glew-populate"
	}
}